Date,Close-ETH
1/1/2019,140.819412
1/2/2019,155.047684
1/3/2019,149.13501
1/4/2019,154.58194
1/5/2019,155.638596
1/6/2019,157.746201
1/7/2019,151.699219
1/8/2019,150.359634
1/9/2019,150.803116
1/10/2019,128.625183
1/11/2019,127.548325
1/12/2019,125.96653
1/13/2019,116.897804
1/14/2019,129.068726
1/15/2019,122.032715
1/16/2019,123.547066
1/17/2019,123.74192
1/18/2019,121.010262
1/19/2019,124.51902
1/20/2019,119.474831
1/21/2019,117.157852
1/22/2019,118.747551
1/23/2019,117.452606
1/24/2019,117.362885
1/25/2019,116.378342
1/26/2019,116.488739
1/27/2019,113.405289
1/28/2019,106.589973
1/29/2019,105.598213
1/30/2019,108.907539
1/31/2019,107.061012
2/1/2019,107.609787
2/2/2019,110.43026
2/3/2019,107.492668
2/4/2019,107.821602
2/5/2019,107.44352
2/6/2019,104.919289
2/7/2019,104.535301
2/8/2019,119.267746
2/9/2019,119.430885
2/10/2019,124.806488
2/11/2019,121.298393
2/12/2019,122.572289
2/13/2019,122.553604
2/14/2019,121.390205
2/15/2019,122.100388
2/16/2019,123.260216
2/17/2019,133.598877
2/18/2019,146.098373
2/19/2019,145.346191
2/20/2019,149.554337
2/21/2019,146.130844
2/22/2019,149.092453
2/23/2019,158.795425
2/24/2019,135.852661
2/25/2019,139.822861
2/26/2019,138.089676
2/27/2019,136.125961
2/28/2019,136.746246
3/1/2019,136.443619
3/2/2019,134.206955
3/3/2019,132.24942
3/4/2019,127.774124
3/5/2019,137.822388
3/6/2019,138.789352
3/7/2019,138.0345
3/8/2019,135.127075
3/9/2019,137.965332
3/10/2019,136.758682
3/11/2019,133.83403
3/12/2019,134.442886
3/13/2019,133.263077
3/14/2019,133.711594
3/15/2019,137.691788
3/16/2019,142.398178
3/17/2019,140.000549
3/18/2019,139.374603
3/19/2019,140.519196
3/20/2019,140.686356
3/21/2019,136.636063
3/22/2019,137.181442
3/23/2019,138.239868
3/24/2019,136.986923
3/25/2019,135.031021
3/26/2019,135.460358
3/27/2019,140.988159
3/28/2019,139.416473
3/29/2019,142.497421
3/30/2019,142.092682
3/31/2019,141.514099
4/1/2019,141.830322
4/2/2019,163.961746
4/3/2019,161.458801
4/4/2019,158.052536
4/5/2019,165.514847
4/6/2019,165.947205
4/7/2019,174.531647
4/8/2019,180.25882
4/9/2019,176.114578
4/10/2019,177.337479
4/11/2019,165.497025
4/12/2019,164.736328
4/13/2019,164.513351
4/14/2019,167.838516
4/15/2019,161.574173
4/16/2019,167.623444
4/17/2019,166.95076
4/18/2019,173.814026
4/19/2019,173.708435
4/20/2019,173.751266
4/21/2019,170.046524
4/22/2019,171.874664
4/23/2019,171.4478
4/24/2019,165.826096
4/25/2019,154.459396
4/26/2019,156.347092
4/27/2019,158.434937
4/28/2019,157.295074
4/29/2019,155.201996
4/30/2019,162.166031
5/1/2019,160.818344
5/2/2019,162.122787
5/3/2019,167.952408
5/4/2019,164.026581
5/5/2019,163.450699
5/6/2019,172.653214
5/7/2019,169.79866
5/8/2019,170.948166
5/9/2019,170.289307
5/10/2019,173.142746
5/11/2019,194.304337
5/12/2019,187.325317
5/13/2019,196.846283
5/14/2019,217.148575
5/15/2019,247.153061
5/16/2019,264.01001
5/17/2019,243.764587
5/18/2019,234.59523
5/19/2019,261.292206
5/20/2019,251.86441
5/21/2019,255.215881
5/22/2019,244.698914
5/23/2019,245.965668
5/24/2019,249.484985
5/25/2019,251.759872
5/26/2019,267.069641
5/27/2019,272.86264
5/28/2019,271.768707
5/29/2019,269.455688
5/30/2019,255.858948
5/31/2019,268.113556
6/1/2019,265.391266
6/2/2019,270.225525
6/3/2019,252.607925
6/4/2019,241.338791
6/5/2019,247.05101
6/6/2019,249.474335
6/7/2019,250.930359
6/8/2019,245.738098
6/9/2019,233.0867
6/10/2019,247.520126
6/11/2019,245.78183
6/12/2019,260.90329
6/13/2019,256.168793
6/14/2019,264.087463
6/15/2019,269.019318
6/16/2019,269.223206
6/17/2019,274.351105
6/18/2019,265.051849
6/19/2019,269.431793
6/20/2019,271.695007
6/21/2019,294.910278
6/22/2019,309.38031
6/23/2019,307.827789
6/24/2019,310.424683
6/25/2019,318.126312
6/26/2019,336.753174
6/27/2019,294.267639
6/28/2019,311.226105
6/29/2019,320.058899
6/30/2019,290.695984
7/1/2019,293.641113
7/2/2019,291.596436
7/3/2019,303.099976
7/4/2019,284.523224
7/5/2019,287.997528
7/6/2019,287.547119
7/7/2019,305.700562
7/8/2019,313.251404
7/9/2019,308.881012
7/10/2019,290.002319
7/11/2019,268.704041
7/12/2019,276.276703
7/13/2019,269.458801
7/14/2019,227.578064
7/15/2019,229.776001
7/16/2019,199.188675
7/17/2019,211.48497
7/18/2019,226.566162
7/19/2019,221.33342
7/20/2019,229.119217
7/21/2019,225.630768
7/22/2019,217.560013
7/23/2019,212.728516
7/24/2019,217.046371
7/25/2019,219.617996
7/26/2019,219.629608
7/27/2019,207.40831
7/28/2019,211.186554
7/29/2019,211.268051
7/30/2019,210.522598
7/31/2019,218.654144
8/1/2019,217.808441
8/2/2019,217.871567
8/3/2019,222.490341
8/4/2019,222.669724
8/5/2019,234.215027
8/6/2019,226.020645
8/7/2019,226.391006
8/8/2019,220.941864
8/9/2019,210.488907
8/10/2019,206.733536
8/11/2019,216.092865
8/12/2019,211.288071
8/13/2019,208.709045
8/14/2019,186.607742
8/15/2019,188.50206
8/16/2019,185.440079
8/17/2019,185.687683
8/18/2019,194.49353
8/19/2019,203.091934
8/20/2019,196.565414
8/21/2019,186.891632
8/22/2019,191.332916
8/23/2019,194.706207
8/24/2019,191.289566
8/25/2019,186.842392
8/26/2019,188.929382
8/27/2019,187.516663
8/28/2019,173.889969
8/29/2019,169.516739
8/30/2019,168.834869
8/31/2019,172.469788
9/1/2019,171.629425
9/2/2019,178.347351
9/3/2019,179.499329
9/4/2019,175.992889
9/5/2019,174.217133
9/6/2019,169.956177
9/7/2019,178.262619
9/8/2019,181.35553
9/9/2019,181.14946
9/10/2019,179.78717
9/11/2019,178.725494
9/12/2019,181.016098
9/13/2019,181.109726
9/14/2019,188.105515
9/15/2019,189.789124
9/16/2019,197.113174
9/17/2019,208.608749
9/18/2019,211.393036
9/19/2019,221.280853
9/20/2019,218.050049
9/21/2019,215.516205
9/22/2019,211.54538
9/23/2019,201.92131
9/24/2019,168.110733
9/25/2019,170.8927
9/26/2019,166.727127
9/27/2019,174.710999
9/28/2019,174.572891
9/29/2019,170.503479
9/30/2019,179.872208
10/1/2019,177.340424
10/2/2019,180.71051
10/3/2019,175.199341
10/4/2019,176.985001
10/5/2019,176.351517
10/6/2019,173.059143
10/7/2019,181.18634
10/8/2019,182.021561
10/9/2019,193.293259
10/10/2019,191.659668
10/11/2019,182.569687
10/12/2019,180.826645
10/13/2019,182.07515
10/14/2019,186.960907
10/15/2019,181.406067
10/16/2019,176.013504
10/17/2019,178.028351
10/18/2019,173.621338
10/19/2019,172.913025
10/20/2019,175.534378
10/21/2019,174.92099
10/22/2019,172.300858
10/23/2019,162.402786
10/24/2019,162.168549
10/25/2019,181.523209
10/26/2019,179.83548
10/27/2019,184.242218
10/28/2019,182.662811
10/29/2019,190.342575
10/30/2019,184.692169
10/31/2019,183.966919
11/1/2019,183.969894
11/2/2019,183.92572
11/3/2019,182.425018
11/4/2019,186.355194
11/5/2019,189.304169
11/6/2019,191.593842
11/7/2019,187.976547
11/8/2019,184.211472
11/9/2019,185.028717
11/10/2019,189.47728
11/11/2019,185.489639
11/12/2019,186.843414
11/13/2019,188.258743
11/14/2019,185.999634
11/15/2019,180.521179
11/16/2019,183.348358
11/17/2019,185.119232
11/18/2019,180.559601
11/19/2019,177.455551
11/20/2019,175.698349
11/21/2019,161.462723
11/22/2019,150.268173
11/23/2019,153.417786
11/24/2019,142.834702
11/25/2019,146.476532
11/26/2019,148.965073
11/27/2019,153.010559
11/28/2019,151.717575
11/29/2019,155.304153
11/30/2019,152.539688
12/1/2019,151.18573
12/2/2019,149.059158
12/3/2019,147.956421
12/4/2019,146.747742
12/5/2019,149.248993
12/6/2019,149.194443
12/7/2019,148.768158
12/8/2019,151.264725
12/9/2019,148.225174
12/10/2019,146.267044
12/11/2019,143.608002
12/12/2019,145.604004
12/13/2019,144.944748
12/14/2019,142.869232
12/15/2019,143.11499
12/16/2019,133.614029
12/17/2019,122.603889
12/18/2019,133.092194
12/19/2019,129.321136
12/20/2019,129.066055
12/21/2019,128.130951
12/22/2019,132.372513
12/23/2019,128.61409
12/24/2019,129.063889
12/25/2019,126.454636
12/26/2019,126.361221
12/27/2019,127.214607
12/28/2019,128.322708
12/29/2019,134.75798
12/30/2019,132.633484
12/31/2019,129.610855
1/1/2020,130.802002
1/2/2020,127.410179
1/3/2020,134.171707
1/4/2020,135.069366
1/5/2020,136.276779
1/6/2020,144.304153
1/7/2020,143.543991
1/8/2020,141.258133
1/9/2020,138.979202
1/10/2020,143.963776
1/11/2020,142.927109
1/12/2020,145.873932
1/13/2020,144.226593
1/14/2020,165.955353
1/15/2020,166.230682
1/16/2020,164.391006
1/17/2020,170.779953
1/18/2020,175.365677
1/19/2020,166.969849
1/20/2020,167.120514
1/21/2020,169.697159
1/22/2020,168.294159
1/23/2020,162.928558
1/24/2020,163.051178
1/25/2020,161.283936
1/26/2020,168.077103
1/27/2020,170.930893
1/28/2020,176.370316
1/29/2020,175.050339
1/30/2020,184.690475
1/31/2020,180.160172
2/1/2020,183.67395
2/2/2020,188.617538
2/3/2020,189.865067
2/4/2020,189.250595
2/5/2020,204.23024
2/6/2020,212.339081
2/7/2020,222.726059
2/8/2020,223.146515
2/9/2020,228.578568
2/10/2020,223.522705
2/11/2020,235.851196
2/12/2020,265.406128
2/13/2020,268.099243
2/14/2020,284.217499
2/15/2020,264.728577
2/16/2020,259.894714
2/17/2020,266.363434
2/18/2020,281.94458
2/19/2020,259.763977
2/20/2020,257.949463
2/21/2020,265.600616
2/22/2020,262.331726
2/23/2020,273.75415
2/24/2020,265.216431
2/25/2020,247.817596
2/26/2020,225.680267
2/27/2020,226.753387
2/28/2020,226.760498
2/29/2020,219.848511
3/1/2020,218.970596
3/2/2020,230.569778
3/3/2020,224.47963
3/4/2020,224.517975
3/5/2020,229.268188
3/6/2020,243.525299
3/7/2020,237.853088
3/8/2020,200.689056
3/9/2020,201.986328
3/10/2020,200.767242
3/11/2020,194.86853
3/12/2020,112.347122
3/13/2020,133.201813
3/14/2020,123.306023
3/15/2020,125.214302
3/16/2020,110.605873
3/17/2020,113.942749
3/18/2020,114.84227
3/19/2020,136.593857
3/20/2020,132.737167
3/21/2020,132.81871
3/22/2020,123.321152
3/23/2020,134.911606
3/24/2020,138.761444
3/25/2020,136.195892
3/26/2020,138.361557
3/27/2020,133.937943
3/28/2020,130.986496
3/29/2020,125.583733
3/30/2020,132.904541
3/31/2020,133.593567
4/1/2020,135.634552
4/2/2020,142.029144
4/3/2020,142.091309
4/4/2020,145.219391
4/5/2020,143.546646
4/6/2020,169.13588
4/7/2020,165.101944
4/8/2020,172.641739
4/9/2020,170.807144
4/10/2020,158.412445
4/11/2020,158.216019
4/12/2020,161.142426
4/13/2020,156.279556
4/14/2020,157.59639
4/15/2020,153.286896
4/16/2020,172.157379
4/17/2020,171.63858
4/18/2020,186.914001
4/19/2020,181.61496
4/20/2020,172.297165
4/21/2020,172.737701
4/22/2020,182.599579
4/23/2020,185.028671
4/24/2020,189.236938
4/25/2020,195.515305
4/26/2020,197.317535
4/27/2020,197.224716
4/28/2020,198.41539
4/29/2020,216.968231
4/30/2020,207.602051
5/1/2020,214.219101
5/2/2020,215.325378
5/3/2020,210.933151
5/4/2020,208.174011
5/5/2020,206.774399
5/6/2020,204.055786
5/7/2020,212.289413
5/8/2020,212.991577
5/9/2020,211.600128
5/10/2020,188.599564
5/11/2020,185.912842
5/12/2020,189.3125
5/13/2020,199.193283
5/14/2020,202.949097
5/15/2020,195.622665
5/16/2020,200.677124
5/17/2020,207.158691
5/18/2020,214.525055
5/19/2020,213.451111
5/20/2020,210.096741
5/21/2020,199.883606
5/22/2020,207.169189
5/23/2020,208.694397
5/24/2020,202.370346
5/25/2020,205.319748
5/26/2020,201.902313
5/27/2020,208.863434
5/28/2020,219.840424
5/29/2020,220.675125
5/30/2020,242.345596
5/31/2020,230.975708
6/1/2020,246.99176
6/2/2020,237.219055
6/3/2020,244.179321
6/4/2020,244.426392
6/5/2020,241.221985
6/6/2020,241.93132
6/7/2020,245.167252
6/8/2020,246.309906
6/9/2020,244.911453
6/10/2020,247.444946
6/11/2020,231.702667
6/12/2020,237.49321
6/13/2020,238.908844
6/14/2020,234.1147
6/15/2020,229.928909
6/16/2020,234.416168
6/17/2020,233.028275
6/18/2020,232.101166
6/19/2020,227.13829
6/20/2020,229.274261
6/21/2020,228.989822
6/22/2020,242.533188
6/23/2020,244.142151
6/24/2020,235.772461
6/25/2020,232.944489
6/26/2020,229.668045
6/27/2020,222.959793
6/28/2020,225.347168
6/29/2020,228.19487
6/30/2020,226.315002
7/1/2020,231.113419
7/2/2020,229.392197
7/3/2020,225.38707
7/4/2020,229.074112
7/5/2020,227.664597
7/6/2020,241.510223
7/7/2020,239.075531
7/8/2020,246.670013
7/9/2020,243.015961
7/10/2020,240.984985
7/11/2020,239.458176
7/12/2020,242.131699
7/13/2020,239.604584
7/14/2020,240.211487
7/15/2020,238.423523
7/16/2020,233.640884
7/17/2020,232.773087
7/18/2020,235.48381
7/19/2020,238.487518
7/20/2020,236.153168
7/21/2020,245.016724
7/22/2020,262.190643
7/23/2020,274.689056
7/24/2020,279.215424
7/25/2020,304.056763
7/26/2020,309.643616
7/27/2020,321.514099
7/28/2020,316.657257
7/29/2020,318.190887
7/30/2020,334.586639
7/31/2020,345.554657
8/1/2020,385.199707
8/2/2020,370.671722
8/3/2020,386.295166
8/4/2020,389.875488
8/5/2020,401.590576
8/6/2020,394.961945
8/7/2020,379.512848
8/8/2020,393.987366
8/9/2020,391.120453
8/10/2020,395.887573
8/11/2020,380.384064
8/12/2020,391.02417
8/13/2020,428.741791
8/14/2020,437.397827
8/15/2020,433.354919
8/16/2020,433.786621
8/17/2020,429.53125
8/18/2020,423.669312
8/19/2020,406.463776
8/20/2020,416.439789
8/21/2020,389.126343
8/22/2020,395.835144
8/23/2020,391.384491
8/24/2020,408.144196
8/25/2020,384.001038
8/26/2020,386.466125
8/27/2020,382.632629
8/28/2020,395.874664
8/29/2020,399.921478
8/30/2020,428.395721
8/31/2020,435.079742
9/1/2020,477.05191
9/2/2020,440.040497
9/3/2020,385.671936
9/4/2020,388.24115
9/5/2020,335.260071
9/6/2020,353.362274
9/7/2020,352.673492
9/8/2020,337.602112
9/9/2020,351.110016
9/10/2020,368.101898
9/11/2020,374.695587
9/12/2020,387.183105
9/13/2020,365.570007
9/14/2020,377.26886
9/15/2020,364.839203
9/16/2020,365.812286
9/17/2020,389.019226
9/18/2020,384.364532
9/19/2020,385.544373
9/20/2020,371.052826
9/21/2020,341.786072
9/22/2020,344.503174
9/23/2020,321.116302
9/24/2020,349.355591
9/25/2020,352.183258
9/26/2020,355.488098
9/27/2020,357.438507
9/28/2020,355.159424
9/29/2020,359.757385
9/30/2020,359.937866
10/1/2020,353.205902
10/2/2020,346.238922
10/3/2020,346.522095
10/4/2020,352.57901
10/5/2020,353.956787
10/6/2020,340.815857
10/7/2020,341.808655
10/8/2020,350.766144
10/9/2020,365.590485
10/10/2020,370.96759
10/11/2020,375.142059
10/12/2020,387.731262
10/13/2020,381.190765
10/14/2020,379.484039
10/15/2020,377.441833
10/16/2020,366.229004
10/17/2020,368.855927
10/18/2020,378.213684
10/19/2020,379.935608
10/20/2020,369.136902
10/21/2020,392.189972
10/22/2020,413.77298
10/23/2020,409.766693
10/24/2020,412.457611
10/25/2020,406.217773
10/26/2020,393.888306
10/27/2020,403.99704
10/28/2020,388.650757
10/29/2020,386.730103
10/30/2020,382.819977
10/31/2020,386.590332
11/1/2020,396.358185
11/2/2020,383.156738
11/3/2020,387.602173
11/4/2020,402.141998
11/5/2020,414.067352
11/6/2020,454.719299
11/7/2020,435.713135
11/8/2020,453.554779
11/9/2020,444.163055
11/10/2020,449.679626
11/11/2020,462.960541
11/12/2020,461.00528
11/13/2020,474.626434
11/14/2020,460.149841
11/15/2020,447.559082
11/16/2020,459.940308
11/17/2020,480.360077
11/18/2020,479.48407
11/19/2020,471.630432
11/20/2020,509.744568
11/21/2020,549.486633
11/22/2020,558.068115
11/23/2020,608.454041
11/24/2020,603.897766
11/25/2020,570.686646
11/26/2020,518.801147
11/27/2020,517.493713
11/28/2020,538.229797
11/29/2020,575.758057
11/30/2020,614.842529
12/1/2020,587.324158
12/2/2020,598.352356
12/3/2020,616.70874
12/4/2020,569.354187
12/5/2020,596.595459
12/6/2020,601.908997
12/7/2020,591.843384
12/8/2020,554.827759
12/9/2020,573.479126
12/10/2020,559.678528
12/11/2020,545.797363
12/12/2020,568.567322
12/13/2020,589.663208
12/14/2020,586.011169
12/15/2020,589.355591
12/16/2020,636.181824
12/17/2020,642.868958
12/18/2020,654.811951
12/19/2020,659.297913
12/20/2020,638.290833
12/21/2020,609.817871
12/22/2020,634.854187
12/23/2020,583.7146
12/24/2020,611.607178
12/25/2020,626.410706
12/26/2020,635.835815
12/27/2020,682.642334
12/28/2020,730.397339
12/29/2020,731.520142
12/30/2020,751.618958
12/31/2020,737.803406
1/1/2021,730.367554
1/2/2021,774.534973
1/3/2021,975.50769
1/4/2021,1040.233032
1/5/2021,1100.006104
1/6/2021,1207.112183
1/7/2021,1225.678101
1/8/2021,1224.197144
1/9/2021,1281.077271
1/10/2021,1262.246704
1/11/2021,1090.145386
1/12/2021,1043.43457
1/13/2021,1130.73938
1/14/2021,1218.453003
1/15/2021,1171.834595
1/16/2021,1233.537598
1/17/2021,1230.172241
1/18/2021,1257.279541
1/19/2021,1377.295898
1/20/2021,1382.274048
1/21/2021,1121.570923
1/22/2021,1236.512207
1/23/2021,1230.990601
1/24/2021,1391.609375
1/25/2021,1324.414795
1/26/2021,1357.058105
1/27/2021,1253.187134
1/28/2021,1332.492188
1/29/2021,1382.522827
1/30/2021,1376.115479
1/31/2021,1314.986206
2/1/2021,1369.040527
2/2/2021,1515.193726
2/3/2021,1660.909546
2/4/2021,1594.762695
2/5/2021,1718.650879
2/6/2021,1677.846802
2/7/2021,1614.227783
2/8/2021,1746.616821
2/9/2021,1768.035034
2/10/2021,1744.243408
2/11/2021,1783.797974
2/12/2021,1843.532593
2/13/2021,1814.109863
2/14/2021,1805.084106
2/15/2021,1779.791016
2/16/2021,1781.067505
2/17/2021,1848.458252
2/18/2021,1937.449219
2/19/2021,1960.164795
2/20/2021,1919.534058
2/21/2021,1935.601074
2/22/2021,1781.99292
2/23/2021,1570.203979
2/24/2021,1626.575684
2/25/2021,1475.703735
2/26/2021,1446.033691
2/27/2021,1459.973145
2/28/2021,1416.04895
3/1/2021,1564.707642
3/2/2021,1492.608765
3/3/2021,1575.853149
3/4/2021,1541.914307
3/5/2021,1533.275024
3/6/2021,1654.741577
3/7/2021,1723.153809
3/8/2021,1834.727905
3/9/2021,1868.048828
3/10/2021,1799.16626
3/11/2021,1826.194946
3/12/2021,1772.102417
3/13/2021,1924.685425
3/14/2021,1854.564331
3/15/2021,1791.702271
3/16/2021,1806.971802
3/17/2021,1823.449341
3/18/2021,1782.855103
3/19/2021,1817.624146
3/20/2021,1812.634644
3/21/2021,1788.217041
3/22/2021,1691.333984
3/23/2021,1678.650146
3/24/2021,1593.413452
3/25/2021,1595.359253
3/26/2021,1702.842041
3/27/2021,1716.494629
3/28/2021,1691.355957
3/29/2021,1819.684937
3/30/2021,1846.033691
3/31/2021,1918.362061
4/1/2021,1977.276855
4/2/2021,2143.225586
4/3/2021,2028.422485
4/4/2021,2093.122803
4/5/2021,2107.887207
4/6/2021,2118.378906
4/7/2021,1971.077271
4/8/2021,2088.57373
4/9/2021,2072.108887
4/10/2021,2135.942139
4/11/2021,2157.656982
4/12/2021,2139.353271
4/13/2021,2299.187744
4/14/2021,2435.10498
4/15/2021,2519.116211
4/16/2021,2431.946533
4/17/2021,2344.89502
4/18/2021,2237.136963
4/19/2021,2166.188721
4/20/2021,2330.210938
4/21/2021,2364.751709
4/22/2021,2403.535156
4/23/2021,2363.586182
4/24/2021,2211.625732
4/25/2021,2316.05957
4/26/2021,2534.481689
4/27/2021,2662.865234
4/28/2021,2746.380127
4/29/2021,2756.876953
4/30/2021,2773.207031
5/1/2021,2945.892822
5/2/2021,2952.056152
5/3/2021,3431.086182
5/4/2021,3253.629395
5/5/2021,3522.783203
5/6/2021,3490.880371
5/7/2021,3484.729004
5/8/2021,3902.647705
5/9/2021,3928.844727
5/10/2021,3952.293945
5/11/2021,4168.701172
5/12/2021,3785.848633
5/13/2021,3715.148438
5/14/2021,4079.057373
5/15/2021,3638.12207
5/16/2021,3587.506104
5/17/2021,3282.397705
5/18/2021,3380.070068
5/19/2021,2460.679199
5/20/2021,2784.294189
5/21/2021,2430.621338
5/22/2021,2295.705566
5/23/2021,2109.579834
5/24/2021,2643.591064
5/25/2021,2706.628906
5/26/2021,2888.69873
5/27/2021,2736.488525
5/28/2021,2419.90625
5/29/2021,2279.51416
5/30/2021,2390.30542
5/31/2021,2714.945313
6/1/2021,2633.518311
6/2/2021,2706.125
6/3/2021,2855.126465
6/4/2021,2688.195068
6/5/2021,2630.576904
6/6/2021,2715.092773
6/7/2021,2590.263184
6/8/2021,2517.438721
6/9/2021,2608.26709
6/10/2021,2471.518555
6/11/2021,2353.768799
6/12/2021,2372.484375
6/13/2021,2508.391602
6/14/2021,2537.891113
6/15/2021,2610.936768
6/16/2021,2367.663574
6/17/2021,2372.001953
6/18/2021,2231.733154
6/19/2021,2178.499023
6/20/2021,2246.364502
6/21/2021,1888.44751
6/22/2021,1874.950073
6/23/2021,1989.736328
6/24/2021,1988.456299
6/25/2021,1813.217285
6/26/2021,1829.239258
6/27/2021,1978.894653
6/28/2021,2079.657471
6/29/2021,2160.768311
6/30/2021,2274.547607
7/1/2021,2113.605469
7/2/2021,2150.040283
7/3/2021,2226.114258
7/4/2021,2321.724121
7/5/2021,2198.58252
7/6/2021,2324.679443
7/7/2021,2315.161865
7/8/2021,2120.026367
7/9/2021,2146.692383
7/10/2021,2111.403564
7/11/2021,2139.664795
7/12/2021,2036.721069
7/13/2021,1940.083984
7/14/2021,1994.331299
7/15/2021,1911.175659
7/16/2021,1880.382935
7/17/2021,1898.825195
7/18/2021,1895.552124
7/19/2021,1817.296631
7/20/2021,1787.510742
7/21/2021,1990.970825
7/22/2021,2025.202759
7/23/2021,2124.776611
7/24/2021,2189.21875
7/25/2021,2191.373779
7/26/2021,2233.366699
7/27/2021,2298.333496
7/28/2021,2296.54541
7/29/2021,2380.956787
7/30/2021,2466.961426
7/31/2021,2536.209961
8/1/2021,2561.852051
8/2/2021,2610.15332
8/3/2021,2502.349609
8/4/2021,2724.619873
8/5/2021,2827.328857
8/6/2021,2890.94165
8/7/2021,3157.23877
8/8/2021,3013.732666
8/9/2021,3167.856201
8/10/2021,3141.691162
8/11/2021,3164.245117
8/12/2021,3043.414307
8/13/2021,3322.21167
8/14/2021,3265.443359
8/15/2021,3310.50415
8/16/2021,3156.509521
8/17/2021,3014.845947
8/18/2021,3020.089844
8/19/2021,3182.702148
8/20/2021,3286.935303
8/21/2021,3226.083984
8/22/2021,3242.115479
8/23/2021,3319.257324
8/24/2021,3172.456299
8/25/2021,3224.915283
8/26/2021,3100.325439
8/27/2021,3270.60083
8/28/2021,3244.40332
8/29/2021,3227.002686
8/30/2021,3224.374268
8/31/2021,3433.732666
9/1/2021,3834.828125
9/2/2021,3790.98999
9/3/2021,3940.614746
9/4/2021,3887.828369
9/5/2021,3952.133545
9/6/2021,3928.379395
9/7/2021,3426.394287
9/8/2021,3497.315186
9/9/2021,3427.340088
9/10/2021,3211.505859
9/11/2021,3270.278076
9/12/2021,3410.134521
9/13/2021,3285.511719
9/14/2021,3429.169678
9/15/2021,3615.282715
9/16/2021,3571.294922
9/17/2021,3398.538818
9/18/2021,3432.018311
9/19/2021,3329.447998
9/20/2021,2958.993408
9/21/2021,2764.431152
9/22/2021,3077.86792
9/23/2021,3155.523682
9/24/2021,2931.669189
9/25/2021,2925.565674
9/26/2021,3062.265381
9/27/2021,2934.138916
9/28/2021,2807.296631
9/29/2021,2853.143311
9/30/2021,3001.678955
10/1/2021,3307.516113
10/2/2021,3391.694336
10/3/2021,3418.358643
10/4/2021,3380.089111
10/5/2021,3518.518555
10/6/2021,3580.562012
10/7/2021,3587.974854
10/8/2021,3563.759277
10/9/2021,3575.716797
10/10/2021,3425.852783
10/11/2021,3545.354004
10/12/2021,3492.573242
10/13/2021,3606.20166
10/14/2021,3786.01416
10/15/2021,3862.634766
10/16/2021,3830.38208
10/17/2021,3847.104492
10/18/2021,3748.760254
10/19/2021,3877.650879
10/20/2021,4155.992188
10/21/2021,4054.322754
10/22/2021,3970.181885
10/23/2021,4171.663574
10/24/2021,4087.903076
10/25/2021,4217.876953
10/26/2021,4131.102051
10/27/2021,3930.257324
10/28/2021,4287.318848
10/29/2021,4414.746582
10/30/2021,4325.650391
10/31/2021,4288.074219
11/1/2021,4324.626953
11/2/2021,4584.798828
11/3/2021,4607.193848
11/4/2021,4537.324219
11/5/2021,4486.243164
11/6/2021,4521.581055
11/7/2021,4620.554688
11/8/2021,4812.087402
11/9/2021,4735.068848
11/10/2021,4636.174316
11/11/2021,4730.384277
11/12/2021,4667.115234
11/13/2021,4651.460449
11/14/2021,4626.358887
11/15/2021,4557.503906
11/16/2021,4216.365234
11/17/2021,4287.59375
11/18/2021,4000.650879
11/19/2021,4298.306641
11/20/2021,4409.931152
11/21/2021,4269.73291
11/22/2021,4088.457764
11/23/2021,4340.763672
11/24/2021,4239.981445
11/25/2021,4274.743164
11/26/2021,4030.908936
11/27/2021,4096.912109
11/28/2021,4294.453613
11/29/2021,4445.10498
11/30/2021,4631.479004
12/1/2021,4586.990234
12/2/2021,4511.302246
12/3/2021,4220.706055
12/4/2021,4119.587402
12/5/2021,4198.322754
12/6/2021,4358.737305
12/7/2021,4315.061523
12/8/2021,4439.35791
12/9/2021,4119.815918
12/10/2021,3908.496094
12/11/2021,4084.452393
12/12/2021,4134.453125
12/13/2021,3784.226807
12/14/2021,3745.44043
12/15/2021,4018.388672
12/16/2021,3962.469727
12/17/2021,3879.486572
12/18/2021,3960.860107
12/19/2021,3922.592529
12/20/2021,3933.844482
12/21/2021,4020.26001
12/22/2021,3982.099609
12/23/2021,4108.015625
12/24/2021,4047.98291
12/25/2021,4093.281006
12/26/2021,4067.328125
12/27/2021,4037.547607
12/28/2021,3800.893066
12/29/2021,3628.531738
12/30/2021,3713.852051
12/31/2021,3682.632813
1/1/2022,3769.697021
1/2/2022,3829.564941
1/3/2022,3761.380371
1/4/2022,3794.056641
1/5/2022,3550.386963
1/6/2022,3418.408203
1/7/2022,3193.210449
1/8/2022,3091.972656
1/9/2022,3157.751465
1/10/2022,3083.0979
1/11/2022,3238.111572
1/12/2022,3372.258301
1/13/2022,3248.288574
1/14/2022,3310.001465
1/15/2022,3330.530762
1/16/2022,3350.921875
1/17/2022,3212.304932
1/18/2022,3164.025146
1/19/2022,3095.825928
1/20/2022,3001.120117
1/21/2022,2557.931641
1/22/2022,2405.181152
1/23/2022,2535.039063
1/24/2022,2440.352295
1/25/2022,2455.935059
1/26/2022,2468.030273
1/27/2022,2423.001221
1/28/2022,2547.092041
1/29/2022,2597.084717
1/30/2022,2603.466553
1/31/2022,2688.278809
2/1/2022,2792.117188
2/2/2022,2682.854004
2/3/2022,2679.162598
2/4/2022,2983.586914
2/5/2022,3014.648193
2/6/2022,3057.476074
2/7/2022,3142.470703
2/8/2022,3122.608643
2/9/2022,3239.457031
2/10/2022,3077.482178
2/11/2022,2927.383545
2/12/2022,2917.362793
2/13/2022,2883.463379
2/14/2022,2933.479004
2/15/2022,3179.877197
2/16/2022,3127.830078
2/17/2022,2881.481934
2/18/2022,2785.727539
2/19/2022,2763.701172
2/20/2022,2628.648438
2/21/2022,2573.816162
2/22/2022,2639.299316
2/23/2022,2590.359619
2/24/2022,2598.067139
2/25/2022,2764.535645
2/26/2022,2781.111816
2/27/2022,2621.801758
2/28/2022,2919.201172
3/1/2022,2972.485107
3/2/2022,2950.118408
3/3/2022,2834.468994
3/4/2022,2617.156006
3/5/2022,2664.831055
3/6/2022,2555.037354
3/7/2022,2497.77124
3/8/2022,2576.747559
3/9/2022,2729.783447
3/10/2022,2608.048584
3/11/2022,2559.562988
3/12/2022,2574.75415
3/13/2022,2518.94458
3/14/2022,2590.696045
3/15/2022,2620.149658
3/16/2022,2772.055664
3/17/2022,2814.854492
3/18/2022,2945.343018
3/19/2022,2946.25708
3/20/2022,2860.459229
3/21/2022,2897.976563
3/22/2022,2973.131104
3/23/2022,3031.067139
3/24/2022,3108.062012
3/25/2022,3106.671387
3/26/2022,3143.178955
3/27/2022,3291.577637
3/28/2022,3336.634521
3/29/2022,3401.987793
3/30/2022,3385.157959
3/31/2022,3281.642822
4/1/2022,3449.552246
4/2/2022,3445.059326
4/3/2022,3522.833496
4/4/2022,3521.241211
4/5/2022,3411.79248
4/6/2022,3171.691895
4/7/2022,3233.274658
4/8/2022,3192.073975
4/9/2022,3261.91626
4/10/2022,3211.866943
4/11/2022,2981.052246
4/12/2022,3030.376465
4/13/2022,3118.344238
4/14/2022,3019.909424
4/15/2022,3040.916504
4/16/2022,3062.310303
4/17/2022,2993.40332
4/18/2022,3057.606689
4/19/2022,3104.106445
4/20/2022,3077.74585
4/21/2022,2987.480713
4/22/2022,2964.835693
4/23/2022,2938.114014
4/24/2022,2922.732666
4/25/2022,3009.393555
4/26/2022,2808.29834
4/27/2022,2888.929688
4/28/2022,2936.940918
4/29/2022,2815.601807
4/30/2022,2730.186768
5/1/2022,2827.756104
5/2/2022,2857.4104
5/3/2022,2783.476318
5/4/2022,2940.644775
5/5/2022,2749.213135
5/6/2022,2694.979736
5/7/2022,2636.093018
5/8/2022,2517.459961
5/9/2022,2245.43042
5/10/2022,2343.510986
5/11/2022,2072.108643
5/12/2022,1961.701538
5/13/2022,2014.418213
5/14/2022,2056.273926
5/15/2022,2145.706787
5/16/2022,2022.725952
5/17/2022,2090.40918
5/18/2022,1916.656128
5/19/2022,2018.336182
5/20/2022,1961.315674
5/21/2022,1974.518311
5/22/2022,2043.170166
5/23/2022,1972.181885
5/24/2022,1978.982788
5/25/2022,1944.827881
5/26/2022,1803.91333
5/27/2022,1724.922852
5/28/2022,1757.941772
5/29/2022,1812.031006
5/30/2022,1996.441284
5/31/2022,1942.328003
6/1/2022,1823.569336
6/2/2022,1834.150513
6/3/2022,1775.078613
6/4/2022,1801.609497
6/5/2022,1805.204956
6/6/2022,1859.289673
6/7/2022,1814.04834
6/8/2022,1793.572266
6/9/2022,1789.82605
6/10/2022,1665.042236
6/11/2022,1529.663452
6/12/2022,1445.216553
6/13/2022,1204.582764
6/14/2022,1211.662842
6/15/2022,1233.206421
6/16/2022,1067.730713
6/17/2022,1086.519287
6/18/2022,993.63678
6/19/2022,1127.656494
6/20/2022,1127.642456
6/21/2022,1124.824585
6/22/2022,1051.421875
6/23/2022,1143.386719
6/24/2022,1226.844727
6/25/2022,1243.446899
6/26/2022,1199.831665
6/27/2022,1193.680664
6/28/2022,1144.579224
6/29/2022,1098.943848
6/30/2022,1067.298828
7/1/2022,1059.767334
7/2/2022,1066.512817
7/3/2022,1073.766968
7/4/2022,1151.059082
7/5/2022,1134.541016
7/6/2022,1186.973999
7/7/2022,1237.593384
7/8/2022,1222.506226
7/9/2022,1216.978271
7/10/2022,1168.401611
7/11/2022,1097.236572
7/12/2022,1038.19165
7/13/2022,1113.587158
7/14/2022,1191.526245
7/15/2022,1233.12915
7/16/2022,1352.626465
7/17/2022,1338.635742
7/18/2022,1578.717896
7/19/2022,1542.97522
7/20/2022,1520.200684
7/21/2022,1576.749512
7/22/2022,1537.405151
7/23/2022,1549.297485
7/24/2022,1599.476685
7/25/2022,1445.383423
7/26/2022,1441.806763
7/27/2022,1636.232666
7/28/2022,1725.46814
7/29/2022,1727.406982
7/30/2022,1695.969482
7/31/2022,1681.517334
8/1/2022,1635.195801
8/2/2022,1632.945435
8/3/2022,1618.874512
8/4/2022,1608.205811
8/5/2022,1732.254639
8/6/2022,1691.658081
8/7/2022,1699.35083
8/8/2022,1775.516113
8/9/2022,1703.025024
8/10/2022,1851.742676
8/11/2022,1881.224121
8/12/2022,1957.24646
8/13/2022,1981.336548
8/14/2022,1936.802002
8/15/2022,1904.228149
8/16/2022,1878.139404
8/17/2022,1832.999634
8/18/2022,1847.007813
8/19/2022,1612.987305
8/20/2022,1577.003784
8/21/2022,1619.31897
8/22/2022,1622.505859
8/23/2022,1662.769897
8/24/2022,1657.059204
8/25/2022,1696.457031
8/26/2022,1507.782837
8/27/2022,1491.39502
8/28/2022,1430.547363
8/29/2022,1553.037354
8/30/2022,1523.838867
8/31/2022,1553.684937
9/1/2022,1586.176758
9/2/2022,1577.220459
9/3/2022,1556.872681
9/4/2022,1577.641602
9/5/2022,1617.183228
9/6/2022,1561.748535
9/7/2022,1629.906372
9/8/2022,1635.347656
9/9/2022,1719.085449
9/10/2022,1776.203735
9/11/2022,1761.800049
9/12/2022,1713.765259
9/13/2022,1580.787964
9/14/2022,1634.755005
9/15/2022,1471.693481
9/16/2022,1432.447754
9/17/2022,1469.741699
9/18/2022,1335.329102
9/19/2022,1377.541382
9/20/2022,1324.388184
9/21/2022,1252.607788
9/22/2022,1327.680176
9/23/2022,1328.259521
9/24/2022,1317.993286
9/25/2022,1294.216797
9/26/2022,1335.32019
9/27/2022,1330.127686
9/28/2022,1337.410889
9/29/2022,1335.652344
9/30/2022,1327.978638
10/1/2022,1311.644409
10/2/2022,1276.093506
10/3/2022,1323.439209
10/4/2022,1362.126587
10/5/2022,1352.837158
10/6/2022,1351.709473
10/7/2022,1332.516968
10/8/2022,1315.500488
10/9/2022,1322.604248
10/10/2022,1291.337646
10/11/2022,1279.575684
10/12/2022,1294.906372
10/13/2022,1288.123901
10/14/2022,1297.422119
10/15/2022,1274.871704
10/16/2022,1306.296631
10/17/2022,1331.713623
10/18/2022,1310.447021
10/19/2022,1285.744263
10/20/2022,1283.200928
10/21/2022,1299.946411
10/22/2022,1314.299194
10/23/2022,1363.447021
10/24/2022,1344.998535
10/25/2022,1461.665405
10/26/2022,1566.56665
10/27/2022,1514.374878
10/28/2022,1555.477905
10/29/2022,1619.698486
10/30/2022,1590.783325
10/31/2022,1572.714478
11/1/2022,1579.70459
11/2/2022,1519.711792
11/3/2022,1531.541748
11/4/2022,1645.093384
11/5/2022,1627.968018
11/6/2022,1572.234741
11/7/2022,1568.591309
11/8/2022,1332.835571
11/9/2022,1100.1698
11/10/2022,1299.4646
11/11/2022,1287.221069
11/12/2022,1255.268311
11/13/2022,1221.819214
11/14/2022,1241.604248
11/15/2022,1251.736206
11/16/2022,1215.602539
11/17/2022,1200.808594
11/18/2022,1212.300293
11/19/2022,1218.426758
11/20/2022,1142.466675
11/21/2022,1108.353027
11/22/2022,1135.173462
11/23/2022,1183.199585
11/24/2022,1203.983154
11/25/2022,1198.925903
11/26/2022,1205.897949
11/27/2022,1195.126953
11/28/2022,1170.086182
11/29/2022,1216.901245
11/30/2022,1295.688599
12/1/2022,1276.273926
12/2/2022,1294.303345
12/3/2022,1243.334839
12/4/2022,1280.256592
12/5/2022,1259.676758
12/6/2022,1271.653809
12/7/2022,1232.4375
12/8/2022,1281.116333
12/9/2022,1264.28479
12/10/2022,1266.384155
12/11/2022,1263.86853
12/12/2022,1274.619019
12/13/2022,1320.549194
12/14/2022,1309.328735
12/15/2022,1266.353882
12/16/2022,1168.259399
12/17/2022,1188.149536
12/18/2022,1184.71521
12/19/2022,1167.609863
12/20/2022,1217.703613
12/21/2022,1213.599976
12/22/2022,1218.182129
12/23/2022,1220.159424
12/24/2022,1221.14856
12/25/2022,1218.962036
12/26/2022,1226.974365
12/27/2022,1212.791626
12/28/2022,1189.986084
12/29/2022,1201.595337
12/30/2022,1199.232788
12/31/2022,1196.77124
1/1/2023,1200.964844
1/2/2023,1214.656616
1/3/2023,1214.778809
1/4/2023,1256.526611
1/5/2023,1250.438599
1/6/2023,1269.379028
1/7/2023,1264.270386
1/8/2023,1287.359497
1/9/2023,1321.53894
1/10/2023,1336.58606
1/11/2023,1387.932739
1/12/2023,1417.938477
1/13/2023,1451.614868
1/14/2023,1550.706909
1/15/2023,1552.479492
1/16/2023,1576.833496
1/17/2023,1567.846069
1/18/2023,1515.506958
1/19/2023,1552.556519
1/20/2023,1659.75415
1/21/2023,1627.118164
1/22/2023,1628.38208
1/23/2023,1628.251099
1/24/2023,1556.604248
1/25/2023,1611.71106
1/26/2023,1603.105957
1/27/2023,1598.156494
1/28/2023,1572.435059
1/29/2023,1646.15564
1/30/2023,1567.326538
1/31/2023,1586.5354
2/1/2023,1641.792725
2/2/2023,1643.241577
2/3/2023,1664.745605
2/4/2023,1667.059204
2/5/2023,1631.645874
2/6/2023,1616.24707
2/7/2023,1672.00354
2/8/2023,1650.716797
2/9/2023,1546.438232
2/10/2023,1514.869141
2/11/2023,1539.926758
2/12/2023,1515.033691
2/13/2023,1507.165894
2/14/2023,1556.875122
2/15/2023,1673.745972
2/16/2023,1640.067627
2/17/2023,1694.783325
2/18/2023,1691.819458
2/19/2023,1681.436157
2/20/2023,1702.675171
2/21/2023,1658.036377
2/22/2023,1643.231689
2/23/2023,1651.073853
2/24/2023,1608.373169
2/25/2023,1594.914917
2/26/2023,1640.817139
2/27/2023,1634.326416
2/28/2023,1605.895142
3/1/2023,1663.433716
3/2/2023,1647.319336
3/3/2023,1569.167603
3/4/2023,1566.92395
3/5/2023,1564.46875
3/6/2023,1567.398682
3/7/2023,1561.933105
3/8/2023,1534.088257
3/9/2023,1438.660767
3/10/2023,1429.158081
3/11/2023,1482.616699
3/12/2023,1590.292969
3/13/2023,1680.30896
3/14/2023,1703.50708
3/15/2023,1656.180542
3/16/2023,1677.215454
3/17/2023,1792.485107
3/18/2023,1761.659668
3/19/2023,1785.576538
3/20/2023,1735.321289
3/21/2023,1806.760742
3/22/2023,1737.717041
3/23/2023,1816.405151
3/24/2023,1752.0448
3/25/2023,1743.764771
3/26/2023,1775.676758
3/27/2023,1715.460815
3/28/2023,1772.785645
3/29/2023,1793.001831
3/30/2023,1792.737183
3/31/2023,1822.022095
